{"cameraMode":{"drawMode":0,"name":"Shaded","section":"Shading Mode"},"sceneLighting":true,"audioPlay":false,"sceneViewState":{"m_AlwaysRefresh":false,"showFog":true,"showSkybox":true,"showFlares":true,"showImageEffects":true,"showParticleSystems":true,"showVisualEffectGraphs":true,"m_FxEnabled":true},"in2DMode":false,"pivot":{"x":5.060591220855713,"y":-0.005350979045033455,"z":26.685136795043947},"rotation":{"x":0.022497324272990228,"y":0.008999338373541832,"z":-0.00020163186127319932,"w":0.9997130036354065},"size":18.42435073852539,"orthographic":false}