{"cameraMode":{"drawMode":0,"name":"Shaded","section":"Shading Mode"},"sceneLighting":false,"audioPlay":false,"sceneViewState":{"m_AlwaysRefresh":false,"showFog":true,"showSkybox":false,"showFlares":true,"showImageEffects":true,"showParticleSystems":true,"showVisualEffectGraphs":true,"m_FxEnabled":true},"in2DMode":false,"pivot":{"x":-0.023032009601593019,"y":0.08958237618207932,"z":-0.0035108327865600588},"rotation":{"x":0.18490509688854218,"y":-0.05893276259303093,"z":0.011103971861302853,"w":0.980952262878418},"size":1.87265944480896,"orthographic":false}