{"cameraMode":{"drawMode":0,"name":"Shaded","section":"Shading Mode"},"sceneLighting":false,"audioPlay":false,"sceneViewState":{"m_AlwaysRefresh":false,"showFog":true,"showSkybox":false,"showFlares":true,"showImageEffects":true,"showParticleSystems":true,"showVisualEffectGraphs":true,"m_FxEnabled":true},"in2DMode":false,"pivot":{"x":0.020702674984931947,"y":0.050834059715270999,"z":0.040295183658599856},"rotation":{"x":0.18490509688854218,"y":-0.05893276259303093,"z":0.011103971861302853,"w":0.980952262878418},"size":0.7086419463157654,"orthographic":false}