{"cameraMode":{"drawMode":0,"name":"Shaded","section":"Shading Mode"},"sceneLighting":false,"audioPlay":false,"sceneViewState":{"m_AlwaysRefresh":false,"showFog":true,"showSkybox":false,"showFlares":true,"showImageEffects":true,"showParticleSystems":true,"showVisualEffectGraphs":true,"m_FxEnabled":true},"in2DMode":false,"pivot":{"x":-0.19844818115234376,"y":2.471308708190918,"z":-0.4205286502838135},"rotation":{"x":0.18490509688854218,"y":-0.05893276259303093,"z":0.011103971861302853,"w":0.980952262878418},"size":4.15003776550293,"orthographic":false}